,provider,WARNING_UPGRADE_TO_V6,terms,base,date,time_last_updated,rates
USD,https://www.exchangerate-api.com,https://www.exchangerate-api.com/docs/free,https://www.exchangerate-api.com/terms,USD,2026-08-02,1785628801,1.0
AED,https://www.exchangerate-api.com,https://www.exchangerate-api.com/docs/free,https://www.exchangerate-api.com/terms,USD,2026-08-02,1785628801,3.67
AFN,https://www.exchangerate-api.com,https://www.exchangerate-api.com/docs/free,https://www.exchangerate-api.com/terms,USD,2026-08-02,1785628801,65.85
ALL,https://www.exchangerate-api.com,https://www.exchangerate-api.com/docs/free,https://www.exchangerate-api.com/terms,USD,2026-08-02,1785628801,82.03
AMD,https://www.exchangerate-api.com,https://www.exchangerate-api.com/docs/free,https://www.exchangerate-api.com/terms,USD,2026-08-02,1785628801,366.42
ANG,https://www.exchangerate-api.com,https://www.exchangerate-api.com/docs/free,https://www.exchangerate-api.com/terms,USD,2026-08-02,1785628801,1.79
AOA,https://www.exchangerate-api.com,https://www.exchangerate-api.com/docs/free,https://www.exchangerate-api.com/terms,USD,2026-08-02,1785628801,924.83
ARS,https://www.exchangerate-api.com,https://www.exchangerate-api.com/docs/free,https://www.exchangerate-api.com/terms,USD,2026-08-02,1785628801,1488.45
AUD,https://www.exchangerate-api.com,https://www.exchangerate-api.com/docs/free,https://www.exchangerate-api.com/terms,USD,2026-08-02,1785628801,1.42
AWG,https://www.exchangerate-api.com,https://www.exchangerate-api.com/docs/free,https://www.exchangerate-api.com/terms,USD,2026-08-02,1785628801,1.79
AZN,https://www.exchangerate-api.com,https://www.exchangerate-api.com/docs/free,https://www.exchangerate-api.com/terms,USD,2026-08-02,1785628801,1.7000000000000002
BAM,https://www.exchangerate-api.com,https://www.exchangerate-api.com/docs/free,https://www.exchangerate-api.com/terms,USD,2026-08-02,1785628801,1.7000000000000002
BBD,https://www.exchangerate-api.com,https://www.exchangerate-api.com/docs/free,https://www.exchangerate-api.com/terms,USD,2026-08-02,1785628801,2.0
BDT,https://www.exchangerate-api.com,https://www.exchangerate-api.com/docs/free,https://www.exchangerate-api.com/terms,USD,2026-08-02,1785628801,123.45
BGN,https://www.exchangerate-api.com,https://www.exchangerate-api.com/docs/free,https://www.exchangerate-api.com/terms,USD,2026-08-02,1785628801,1.7000000000000002
BHD,https://www.exchangerate-api.com,https://www.exchangerate-api.com/docs/free,https://www.exchangerate-api.com/terms,USD,2026-08-02,1785628801,0.376
BIF,https://www.exchangerate-api.com,https://www.exchangerate-api.com/docs/free,https://www.exchangerate-api.com/terms,USD,2026-08-02,1785628801,2995.7
BMD,https://www.exchangerate-api.com,https://www.exchangerate-api.com/docs/free,https://www.exchangerate-api.com/terms,USD,2026-08-02,1785628801,1.0
BND,https://www.exchangerate-api.com,https://www.exchangerate-api.com/docs/free,https://www.exchangerate-api.com/terms,USD,2026-08-02,1785628801,1.28
BOB,https://www.exchangerate-api.com,https://www.exchangerate-api.com/docs/free,https://www.exchangerate-api.com/terms,USD,2026-08-02,1785628801,11.51
BRL,https://www.exchangerate-api.com,https://www.exchangerate-api.com/docs/free,https://www.exchangerate-api.com/terms,USD,2026-08-02,1785628801,5.07
BSD,https://www.exchangerate-api.com,https://www.exchangerate-api.com/docs/free,https://www.exchangerate-api.com/terms,USD,2026-08-02,1785628801,1.0
BTN,https://www.exchangerate-api.com,https://www.exchangerate-api.com/docs/free,https://www.exchangerate-api.com/terms,USD,2026-08-02,1785628801,95.5
BWP,https://www.exchangerate-api.com,https://www.exchangerate-api.com/docs/free,https://www.exchangerate-api.com/terms,USD,2026-08-02,1785628801,14.09
BYN,https://www.exchangerate-api.com,https://www.exchangerate-api.com/docs/free,https://www.exchangerate-api.com/terms,USD,2026-08-02,1785628801,2.91
BZD,https://www.exchangerate-api.com,https://www.exchangerate-api.com/docs/free,https://www.exchangerate-api.com/terms,USD,2026-08-02,1785628801,2.0
CAD,https://www.exchangerate-api.com,https://www.exchangerate-api.com/docs/free,https://www.exchangerate-api.com/terms,USD,2026-08-02,1785628801,1.4
CDF,https://www.exchangerate-api.com,https://www.exchangerate-api.com/docs/free,https://www.exchangerate-api.com/terms,USD,2026-08-02,1785628801,2282.39
CHF,https://www.exchangerate-api.com,https://www.exchangerate-api.com/docs/free,https://www.exchangerate-api.com/terms,USD,2026-08-02,1785628801,0.808
CLF,https://www.exchangerate-api.com,https://www.exchangerate-api.com/docs/free,https://www.exchangerate-api.com/terms,USD,2026-08-02,1785628801,0.0235
CLP,https://www.exchangerate-api.com,https://www.exchangerate-api.com/docs/free,https://www.exchangerate-api.com/terms,USD,2026-08-02,1785628801,927.37
CNH,https://www.exchangerate-api.com,https://www.exchangerate-api.com/docs/free,https://www.exchangerate-api.com/terms,USD,2026-08-02,1785628801,6.75
CNY,https://www.exchangerate-api.com,https://www.exchangerate-api.com/docs/free,https://www.exchangerate-api.com/terms,USD,2026-08-02,1785628801,6.77
COP,https://www.exchangerate-api.com,https://www.exchangerate-api.com/docs/free,https://www.exchangerate-api.com/terms,USD,2026-08-02,1785628801,3202.89
CRC,https://www.exchangerate-api.com,https://www.exchangerate-api.com/docs/free,https://www.exchangerate-api.com/terms,USD,2026-08-02,1785628801,454.46
CUP,https://www.exchangerate-api.com,https://www.exchangerate-api.com/docs/free,https://www.exchangerate-api.com/terms,USD,2026-08-02,1785628801,24.0
CVE,https://www.exchangerate-api.com,https://www.exchangerate-api.com/docs/free,https://www.exchangerate-api.com/terms,USD,2026-08-02,1785628801,95.77
CZK,https://www.exchangerate-api.com,https://www.exchangerate-api.com/docs/free,https://www.exchangerate-api.com/terms,USD,2026-08-02,1785628801,21.02
DJF,https://www.exchangerate-api.com,https://www.exchangerate-api.com/docs/free,https://www.exchangerate-api.com/terms,USD,2026-08-02,1785628801,177.72
DKK,https://www.exchangerate-api.com,https://www.exchangerate-api.com/docs/free,https://www.exchangerate-api.com/terms,USD,2026-08-02,1785628801,6.48
DOP,https://www.exchangerate-api.com,https://www.exchangerate-api.com/docs/free,https://www.exchangerate-api.com/terms,USD,2026-08-02,1785628801,58.08
DZD,https://www.exchangerate-api.com,https://www.exchangerate-api.com/docs/free,https://www.exchangerate-api.com/terms,USD,2026-08-02,1785628801,133.13
EGP,https://www.exchangerate-api.com,https://www.exchangerate-api.com/docs/free,https://www.exchangerate-api.com/terms,USD,2026-08-02,1785628801,51.12
ERN,https://www.exchangerate-api.com,https://www.exchangerate-api.com/docs/free,https://www.exchangerate-api.com/terms,USD,2026-08-02,1785628801,15.0
ETB,https://www.exchangerate-api.com,https://www.exchangerate-api.com/docs/free,https://www.exchangerate-api.com/terms,USD,2026-08-02,1785628801,161.33
EUR,https://www.exchangerate-api.com,https://www.exchangerate-api.com/docs/free,https://www.exchangerate-api.com/terms,USD,2026-08-02,1785628801,0.869
FJD,https://www.exchangerate-api.com,https://www.exchangerate-api.com/docs/free,https://www.exchangerate-api.com/terms,USD,2026-08-02,1785628801,2.23
FKP,https://www.exchangerate-api.com,https://www.exchangerate-api.com/docs/free,https://www.exchangerate-api.com/terms,USD,2026-08-02,1785628801,0.743
FOK,https://www.exchangerate-api.com,https://www.exchangerate-api.com/docs/free,https://www.exchangerate-api.com/terms,USD,2026-08-02,1785628801,6.48
GBP,https://www.exchangerate-api.com,https://www.exchangerate-api.com/docs/free,https://www.exchangerate-api.com/terms,USD,2026-08-02,1785628801,0.743
GEL,https://www.exchangerate-api.com,https://www.exchangerate-api.com/docs/free,https://www.exchangerate-api.com/terms,USD,2026-08-02,1785628801,2.62
GGP,https://www.exchangerate-api.com,https://www.exchangerate-api.com/docs/free,https://www.exchangerate-api.com/terms,USD,2026-08-02,1785628801,0.743
GHS,https://www.exchangerate-api.com,https://www.exchangerate-api.com/docs/free,https://www.exchangerate-api.com/terms,USD,2026-08-02,1785628801,11.69
GIP,https://www.exchangerate-api.com,https://www.exchangerate-api.com/docs/free,https://www.exchangerate-api.com/terms,USD,2026-08-02,1785628801,0.743
GMD,https://www.exchangerate-api.com,https://www.exchangerate-api.com/docs/free,https://www.exchangerate-api.com/terms,USD,2026-08-02,1785628801,74.46
GNF,https://www.exchangerate-api.com,https://www.exchangerate-api.com/docs/free,https://www.exchangerate-api.com/terms,USD,2026-08-02,1785628801,8786.29
GTQ,https://www.exchangerate-api.com,https://www.exchangerate-api.com/docs/free,https://www.exchangerate-api.com/terms,USD,2026-08-02,1785628801,7.62
GYD,https://www.exchangerate-api.com,https://www.exchangerate-api.com/docs/free,https://www.exchangerate-api.com/terms,USD,2026-08-02,1785628801,209.25
HKD,https://www.exchangerate-api.com,https://www.exchangerate-api.com/docs/free,https://www.exchangerate-api.com/terms,USD,2026-08-02,1785628801,7.84
HNL,https://www.exchangerate-api.com,https://www.exchangerate-api.com/docs/free,https://www.exchangerate-api.com/terms,USD,2026-08-02,1785628801,26.78
HRK,https://www.exchangerate-api.com,https://www.exchangerate-api.com/docs/free,https://www.exchangerate-api.com/terms,USD,2026-08-02,1785628801,6.54
HTG,https://www.exchangerate-api.com,https://www.exchangerate-api.com/docs/free,https://www.exchangerate-api.com/terms,USD,2026-08-02,1785628801,130.62
HUF,https://www.exchangerate-api.com,https://www.exchangerate-api.com/docs/free,https://www.exchangerate-api.com/terms,USD,2026-08-02,1785628801,316.08
IDR,https://www.exchangerate-api.com,https://www.exchangerate-api.com/docs/free,https://www.exchangerate-api.com/terms,USD,2026-08-02,1785628801,18037.98
ILS,https://www.exchangerate-api.com,https://www.exchangerate-api.com/docs/free,https://www.exchangerate-api.com/terms,USD,2026-08-02,1785628801,3.06
IMP,https://www.exchangerate-api.com,https://www.exchangerate-api.com/docs/free,https://www.exchangerate-api.com/terms,USD,2026-08-02,1785628801,0.743
INR,https://www.exchangerate-api.com,https://www.exchangerate-api.com/docs/free,https://www.exchangerate-api.com/terms,USD,2026-08-02,1785628801,95.5
IQD,https://www.exchangerate-api.com,https://www.exchangerate-api.com/docs/free,https://www.exchangerate-api.com/terms,USD,2026-08-02,1785628801,1310.17
IRR,https://www.exchangerate-api.com,https://www.exchangerate-api.com/docs/free,https://www.exchangerate-api.com/terms,USD,2026-08-02,1785628801,1199373.23
ISK,https://www.exchangerate-api.com,https://www.exchangerate-api.com/docs/free,https://www.exchangerate-api.com/terms,USD,2026-08-02,1785628801,123.97
JEP,https://www.exchangerate-api.com,https://www.exchangerate-api.com/docs/free,https://www.exchangerate-api.com/terms,USD,2026-08-02,1785628801,0.743
JMD,https://www.exchangerate-api.com,https://www.exchangerate-api.com/docs/free,https://www.exchangerate-api.com/terms,USD,2026-08-02,1785628801,158.08
JOD,https://www.exchangerate-api.com,https://www.exchangerate-api.com/docs/free,https://www.exchangerate-api.com/terms,USD,2026-08-02,1785628801,0.709
JPY,https://www.exchangerate-api.com,https://www.exchangerate-api.com/docs/free,https://www.exchangerate-api.com/terms,USD,2026-08-02,1785628801,158.35
KES,https://www.exchangerate-api.com,https://www.exchangerate-api.com/docs/free,https://www.exchangerate-api.com/terms,USD,2026-08-02,1785628801,129.37
KGS,https://www.exchangerate-api.com,https://www.exchangerate-api.com/docs/free,https://www.exchangerate-api.com/terms,USD,2026-08-02,1785628801,87.42
KHR,https://www.exchangerate-api.com,https://www.exchangerate-api.com/docs/free,https://www.exchangerate-api.com/terms,USD,2026-08-02,1785628801,4047.51
KID,https://www.exchangerate-api.com,https://www.exchangerate-api.com/docs/free,https://www.exchangerate-api.com/terms,USD,2026-08-02,1785628801,1.42
KMF,https://www.exchangerate-api.com,https://www.exchangerate-api.com/docs/free,https://www.exchangerate-api.com/terms,USD,2026-08-02,1785628801,427.28
KRW,https://www.exchangerate-api.com,https://www.exchangerate-api.com/docs/free,https://www.exchangerate-api.com/terms,USD,2026-08-02,1785628801,1438.2
KWD,https://www.exchangerate-api.com,https://www.exchangerate-api.com/docs/free,https://www.exchangerate-api.com/terms,USD,2026-08-02,1785628801,0.309
KYD,https://www.exchangerate-api.com,https://www.exchangerate-api.com/docs/free,https://www.exchangerate-api.com/terms,USD,2026-08-02,1785628801,0.833
KZT,https://www.exchangerate-api.com,https://www.exchangerate-api.com/docs/free,https://www.exchangerate-api.com/terms,USD,2026-08-02,1785628801,474.42
LAK,https://www.exchangerate-api.com,https://www.exchangerate-api.com/docs/free,https://www.exchangerate-api.com/terms,USD,2026-08-02,1785628801,22379.67
LBP,https://www.exchangerate-api.com,https://www.exchangerate-api.com/docs/free,https://www.exchangerate-api.com/terms,USD,2026-08-02,1785628801,89500.0
LKR,https://www.exchangerate-api.com,https://www.exchangerate-api.com/docs/free,https://www.exchangerate-api.com/terms,USD,2026-08-02,1785628801,335.83
LRD,https://www.exchangerate-api.com,https://www.exchangerate-api.com/docs/free,https://www.exchangerate-api.com/terms,USD,2026-08-02,1785628801,180.91
LSL,https://www.exchangerate-api.com,https://www.exchangerate-api.com/docs/free,https://www.exchangerate-api.com/terms,USD,2026-08-02,1785628801,16.55
LYD,https://www.exchangerate-api.com,https://www.exchangerate-api.com/docs/free,https://www.exchangerate-api.com/terms,USD,2026-08-02,1785628801,6.41
MAD,https://www.exchangerate-api.com,https://www.exchangerate-api.com/docs/free,https://www.exchangerate-api.com/terms,USD,2026-08-02,1785628801,9.36
MDL,https://www.exchangerate-api.com,https://www.exchangerate-api.com/docs/free,https://www.exchangerate-api.com/terms,USD,2026-08-02,1785628801,17.56
MGA,https://www.exchangerate-api.com,https://www.exchangerate-api.com/docs/free,https://www.exchangerate-api.com/terms,USD,2026-08-02,1785628801,4324.51
MKD,https://www.exchangerate-api.com,https://www.exchangerate-api.com/docs/free,https://www.exchangerate-api.com/terms,USD,2026-08-02,1785628801,54.03
MMK,https://www.exchangerate-api.com,https://www.exchangerate-api.com/docs/free,https://www.exchangerate-api.com/terms,USD,2026-08-02,1785628801,2103.02
MNT,https://www.exchangerate-api.com,https://www.exchangerate-api.com/docs/free,https://www.exchangerate-api.com/terms,USD,2026-08-02,1785628801,3594.94
MOP,https://www.exchangerate-api.com,https://www.exchangerate-api.com/docs/free,https://www.exchangerate-api.com/terms,USD,2026-08-02,1785628801,8.08
MRU,https://www.exchangerate-api.com,https://www.exchangerate-api.com/docs/free,https://www.exchangerate-api.com/terms,USD,2026-08-02,1785628801,40.15
MUR,https://www.exchangerate-api.com,https://www.exchangerate-api.com/docs/free,https://www.exchangerate-api.com/terms,USD,2026-08-02,1785628801,46.99
MVR,https://www.exchangerate-api.com,https://www.exchangerate-api.com/docs/free,https://www.exchangerate-api.com/terms,USD,2026-08-02,1785628801,15.45
MWK,https://www.exchangerate-api.com,https://www.exchangerate-api.com/docs/free,https://www.exchangerate-api.com/terms,USD,2026-08-02,1785628801,1745.65
MXN,https://www.exchangerate-api.com,https://www.exchangerate-api.com/docs/free,https://www.exchangerate-api.com/terms,USD,2026-08-02,1785628801,17.34
MYR,https://www.exchangerate-api.com,https://www.exchangerate-api.com/docs/free,https://www.exchangerate-api.com/terms,USD,2026-08-02,1785628801,4.09
MZN,https://www.exchangerate-api.com,https://www.exchangerate-api.com/docs/free,https://www.exchangerate-api.com/terms,USD,2026-08-02,1785628801,63.77
NAD,https://www.exchangerate-api.com,https://www.exchangerate-api.com/docs/free,https://www.exchangerate-api.com/terms,USD,2026-08-02,1785628801,16.55
NGN,https://www.exchangerate-api.com,https://www.exchangerate-api.com/docs/free,https://www.exchangerate-api.com/terms,USD,2026-08-02,1785628801,1363.97
NIO,https://www.exchangerate-api.com,https://www.exchangerate-api.com/docs/free,https://www.exchangerate-api.com/terms,USD,2026-08-02,1785628801,36.78
NOK,https://www.exchangerate-api.com,https://www.exchangerate-api.com/docs/free,https://www.exchangerate-api.com/terms,USD,2026-08-02,1785628801,9.49
NPR,https://www.exchangerate-api.com,https://www.exchangerate-api.com/docs/free,https://www.exchangerate-api.com/terms,USD,2026-08-02,1785628801,152.79
NZD,https://www.exchangerate-api.com,https://www.exchangerate-api.com/docs/free,https://www.exchangerate-api.com/terms,USD,2026-08-02,1785628801,1.7000000000000002
OMR,https://www.exchangerate-api.com,https://www.exchangerate-api.com/docs/free,https://www.exchangerate-api.com/terms,USD,2026-08-02,1785628801,0.384
PAB,https://www.exchangerate-api.com,https://www.exchangerate-api.com/docs/free,https://www.exchangerate-api.com/terms,USD,2026-08-02,1785628801,1.0
PEN,https://www.exchangerate-api.com,https://www.exchangerate-api.com/docs/free,https://www.exchangerate-api.com/terms,USD,2026-08-02,1785628801,3.39
PGK,https://www.exchangerate-api.com,https://www.exchangerate-api.com/docs/free,https://www.exchangerate-api.com/terms,USD,2026-08-02,1785628801,4.43
PHP,https://www.exchangerate-api.com,https://www.exchangerate-api.com/docs/free,https://www.exchangerate-api.com/terms,USD,2026-08-02,1785628801,61.25
PKR,https://www.exchangerate-api.com,https://www.exchangerate-api.com/docs/free,https://www.exchangerate-api.com/terms,USD,2026-08-02,1785628801,277.58
PLN,https://www.exchangerate-api.com,https://www.exchangerate-api.com/docs/free,https://www.exchangerate-api.com/terms,USD,2026-08-02,1785628801,3.74
PYG,https://www.exchangerate-api.com,https://www.exchangerate-api.com/docs/free,https://www.exchangerate-api.com/terms,USD,2026-08-02,1785628801,6004.95
QAR,https://www.exchangerate-api.com,https://www.exchangerate-api.com/docs/free,https://www.exchangerate-api.com/terms,USD,2026-08-02,1785628801,3.64
RON,https://www.exchangerate-api.com,https://www.exchangerate-api.com/docs/free,https://www.exchangerate-api.com/terms,USD,2026-08-02,1785628801,4.5600000000000005
RSD,https://www.exchangerate-api.com,https://www.exchangerate-api.com/docs/free,https://www.exchangerate-api.com/terms,USD,2026-08-02,1785628801,102.07
RUB,https://www.exchangerate-api.com,https://www.exchangerate-api.com/docs/free,https://www.exchangerate-api.com/terms,USD,2026-08-02,1785628801,79.53
RWF,https://www.exchangerate-api.com,https://www.exchangerate-api.com/docs/free,https://www.exchangerate-api.com/terms,USD,2026-08-02,1785628801,1472.19
SAR,https://www.exchangerate-api.com,https://www.exchangerate-api.com/docs/free,https://www.exchangerate-api.com/terms,USD,2026-08-02,1785628801,3.75
SBD,https://www.exchangerate-api.com,https://www.exchangerate-api.com/docs/free,https://www.exchangerate-api.com/terms,USD,2026-08-02,1785628801,7.97
SCR,https://www.exchangerate-api.com,https://www.exchangerate-api.com/docs/free,https://www.exchangerate-api.com/terms,USD,2026-08-02,1785628801,13.7
SDG,https://www.exchangerate-api.com,https://www.exchangerate-api.com/docs/free,https://www.exchangerate-api.com/terms,USD,2026-08-02,1785628801,509.36
SEK,https://www.exchangerate-api.com,https://www.exchangerate-api.com/docs/free,https://www.exchangerate-api.com/terms,USD,2026-08-02,1785628801,9.53
SGD,https://www.exchangerate-api.com,https://www.exchangerate-api.com/docs/free,https://www.exchangerate-api.com/terms,USD,2026-08-02,1785628801,1.28
SHP,https://www.exchangerate-api.com,https://www.exchangerate-api.com/docs/free,https://www.exchangerate-api.com/terms,USD,2026-08-02,1785628801,0.743
SLE,https://www.exchangerate-api.com,https://www.exchangerate-api.com/docs/free,https://www.exchangerate-api.com/terms,USD,2026-08-02,1785628801,24.17
SLL,https://www.exchangerate-api.com,https://www.exchangerate-api.com/docs/free,https://www.exchangerate-api.com/terms,USD,2026-08-02,1785628801,24166.67
SOS,https://www.exchangerate-api.com,https://www.exchangerate-api.com/docs/free,https://www.exchangerate-api.com/terms,USD,2026-08-02,1785628801,571.98
SRD,https://www.exchangerate-api.com,https://www.exchangerate-api.com/docs/free,https://www.exchangerate-api.com/terms,USD,2026-08-02,1785628801,37.92
SSP,https://www.exchangerate-api.com,https://www.exchangerate-api.com/docs/free,https://www.exchangerate-api.com/terms,USD,2026-08-02,1785628801,4922.5
STN,https://www.exchangerate-api.com,https://www.exchangerate-api.com/docs/free,https://www.exchangerate-api.com/terms,USD,2026-08-02,1785628801,21.28
SYP,https://www.exchangerate-api.com,https://www.exchangerate-api.com/docs/free,https://www.exchangerate-api.com/terms,USD,2026-08-02,1785628801,121.85
SZL,https://www.exchangerate-api.com,https://www.exchangerate-api.com/docs/free,https://www.exchangerate-api.com/terms,USD,2026-08-02,1785628801,16.55
THB,https://www.exchangerate-api.com,https://www.exchangerate-api.com/docs/free,https://www.exchangerate-api.com/terms,USD,2026-08-02,1785628801,33.45
TJS,https://www.exchangerate-api.com,https://www.exchangerate-api.com/docs/free,https://www.exchangerate-api.com/terms,USD,2026-08-02,1785628801,9.24
TMT,https://www.exchangerate-api.com,https://www.exchangerate-api.com/docs/free,https://www.exchangerate-api.com/terms,USD,2026-08-02,1785628801,3.5
TND,https://www.exchangerate-api.com,https://www.exchangerate-api.com/docs/free,https://www.exchangerate-api.com/terms,USD,2026-08-02,1785628801,2.94
TOP,https://www.exchangerate-api.com,https://www.exchangerate-api.com/docs/free,https://www.exchangerate-api.com/terms,USD,2026-08-02,1785628801,2.38
TRY,https://www.exchangerate-api.com,https://www.exchangerate-api.com/docs/free,https://www.exchangerate-api.com/terms,USD,2026-08-02,1785628801,47.55
TTD,https://www.exchangerate-api.com,https://www.exchangerate-api.com/docs/free,https://www.exchangerate-api.com/terms,USD,2026-08-02,1785628801,6.76
TVD,https://www.exchangerate-api.com,https://www.exchangerate-api.com/docs/free,https://www.exchangerate-api.com/terms,USD,2026-08-02,1785628801,1.42
TWD,https://www.exchangerate-api.com,https://www.exchangerate-api.com/docs/free,https://www.exchangerate-api.com/terms,USD,2026-08-02,1785628801,32.31
TZS,https://www.exchangerate-api.com,https://www.exchangerate-api.com/docs/free,https://www.exchangerate-api.com/terms,USD,2026-08-02,1785628801,2640.67
UAH,https://www.exchangerate-api.com,https://www.exchangerate-api.com/docs/free,https://www.exchangerate-api.com/terms,USD,2026-08-02,1785628801,44.65
UGX,https://www.exchangerate-api.com,https://www.exchangerate-api.com/docs/free,https://www.exchangerate-api.com/terms,USD,2026-08-02,1785628801,3691.65
UYU,https://www.exchangerate-api.com,https://www.exchangerate-api.com/docs/free,https://www.exchangerate-api.com/terms,USD,2026-08-02,1785628801,40.13
UZS,https://www.exchangerate-api.com,https://www.exchangerate-api.com/docs/free,https://www.exchangerate-api.com/terms,USD,2026-08-02,1785628801,11948.89
VES,https://www.exchangerate-api.com,https://www.exchangerate-api.com/docs/free,https://www.exchangerate-api.com/terms,USD,2026-08-02,1785628801,748.79
VND,https://www.exchangerate-api.com,https://www.exchangerate-api.com/docs/free,https://www.exchangerate-api.com/terms,USD,2026-08-02,1785628801,26190.99
VUV,https://www.exchangerate-api.com,https://www.exchangerate-api.com/docs/free,https://www.exchangerate-api.com/terms,USD,2026-08-02,1785628801,120.03
WST,https://www.exchangerate-api.com,https://www.exchangerate-api.com/docs/free,https://www.exchangerate-api.com/terms,USD,2026-08-02,1785628801,2.71
XAF,https://www.exchangerate-api.com,https://www.exchangerate-api.com/docs/free,https://www.exchangerate-api.com/terms,USD,2026-08-02,1785628801,569.71
XCD,https://www.exchangerate-api.com,https://www.exchangerate-api.com/docs/free,https://www.exchangerate-api.com/terms,USD,2026-08-02,1785628801,2.7
XCG,https://www.exchangerate-api.com,https://www.exchangerate-api.com/docs/free,https://www.exchangerate-api.com/terms,USD,2026-08-02,1785628801,1.79
XDR,https://www.exchangerate-api.com,https://www.exchangerate-api.com/docs/free,https://www.exchangerate-api.com/terms,USD,2026-08-02,1785628801,0.733
XOF,https://www.exchangerate-api.com,https://www.exchangerate-api.com/docs/free,https://www.exchangerate-api.com/terms,USD,2026-08-02,1785628801,569.71
XPF,https://www.exchangerate-api.com,https://www.exchangerate-api.com/docs/free,https://www.exchangerate-api.com/terms,USD,2026-08-02,1785628801,103.64
YER,https://www.exchangerate-api.com,https://www.exchangerate-api.com/docs/free,https://www.exchangerate-api.com/terms,USD,2026-08-02,1785628801,238.41
ZAR,https://www.exchangerate-api.com,https://www.exchangerate-api.com/docs/free,https://www.exchangerate-api.com/terms,USD,2026-08-02,1785628801,16.55
ZMW,https://www.exchangerate-api.com,https://www.exchangerate-api.com/docs/free,https://www.exchangerate-api.com/terms,USD,2026-08-02,1785628801,18.85
ZWG,https://www.exchangerate-api.com,https://www.exchangerate-api.com/docs/free,https://www.exchangerate-api.com/terms,USD,2026-08-02,1785628801,26.68
ZWL,https://www.exchangerate-api.com,https://www.exchangerate-api.com/docs/free,https://www.exchangerate-api.com/terms,USD,2026-08-02,1785628801,26.68
